id,velocity,site,abs_max_lat_force,abs_max_long_force,abs_max_norm_force
31,8.5,left,361.328125,2170.41015625,2475.5859375
32,8.5,right,341.796875,2194.82421875,2631.8359375
